,MSE,ACC,REC,PREC,F1,AUROC,AUPR
0,0.353140160653217,0.6468598393467829,0.6498234693500966,0.9161203607353451,0.760329329466207,0.6918122225395873,0.9275406209578803
